{
  "total_trades": 32,
  "total_pnl": -2160.0,
  "win_rate": 37.5,
  "average_win": 355.4166666666667,
  "average_loss": -321.25,
  "max_drawdown_dollars": 3415.0,
  "max_drawdown_percent": 6.83,
  "sharpe_ratio": -2.6479720023427062,
  "profit_factor": 0.6638132295719844,
  "time_in_market_percent": -8.896700399115883,
  "final_equity": 47840.0,
  "total_return": -4.320000000000002
}