{
  "best": {
    "total_trades": 3,
    "total_pnl": 412.4999999999818,
    "win_rate": 66.66666666666666,
    "average_win": 295.24999999999636,
    "average_loss": -178.0000000000109,
    "max_drawdown_dollars": 178.00000000001455,
    "max_drawdown_percent": 0.35308703198614355,
    "sharpe_ratio": 7.881293502938386,
    "profit_factor": 3.3174157303368346,
    "time_in_market_percent": -0.7206500901980125,
    "final_equity": 50412.49999999998,
    "total_return": 0.8249999999999647,
    "config_name": "Baseline (RSI 28/72, 2.0\u03c3, 1%, 2 contracts)",
    "params": {
      "name": "Baseline (RSI 28/72, 2.0\u03c3, 1%, 2 contracts)",
      "rsi_os": 28,
      "rsi_ob": 72,
      "vwap": 2.0,
      "risk": 0.01,
      "contracts": 2
    },
    "score": 872.9166666666574
  },
  "all_results": [
    {
      "total_trades": 3,
      "total_pnl": 412.4999999999818,
      "win_rate": 66.66666666666666,
      "average_win": 295.24999999999636,
      "average_loss": -178.0000000000109,
      "max_drawdown_dollars": 178.00000000001455,
      "max_drawdown_percent": 0.35308703198614355,
      "sharpe_ratio": 7.881293502938386,
      "profit_factor": 3.3174157303368346,
      "time_in_market_percent": -0.7206500901980125,
      "final_equity": 50412.49999999998,
      "total_return": 0.8249999999999647,
      "config_name": "Baseline (RSI 28/72, 2.0\u03c3, 1%, 2 contracts)",
      "params": {
        "name": "Baseline (RSI 28/72, 2.0\u03c3, 1%, 2 contracts)",
        "rsi_os": 28,
        "rsi_ob": 72,
        "vwap": 2.0,
        "risk": 0.01,
        "contracts": 2
      },
      "score": 872.9166666666574
    },
    {
      "total_trades": 3,
      "total_pnl": 412.4999999999818,
      "win_rate": 66.66666666666666,
      "average_win": 295.24999999999636,
      "average_loss": -178.0000000000109,
      "max_drawdown_dollars": 178.00000000001455,
      "max_drawdown_percent": 0.35308703198614355,
      "sharpe_ratio": 7.881293502938386,
      "profit_factor": 3.3174157303368346,
      "time_in_market_percent": -0.7206485195216152,
      "final_equity": 50412.49999999998,
      "total_return": 0.8249999999999647,
      "config_name": "Best so far (RSI 25/75, 2.0\u03c3, 1%, 2 contracts)",
      "params": {
        "name": "Best so far (RSI 25/75, 2.0\u03c3, 1%, 2 contracts)",
        "rsi_os": 25,
        "rsi_ob": 75,
        "vwap": 2.0,
        "risk": 0.01,
        "contracts": 2
      },
      "score": 872.9166666666574
    },
    {
      "total_trades": 3,
      "total_pnl": 412.4999999999818,
      "win_rate": 66.66666666666666,
      "average_win": 295.24999999999636,
      "average_loss": -178.0000000000109,
      "max_drawdown_dollars": 178.00000000001455,
      "max_drawdown_percent": 0.35308703198614355,
      "sharpe_ratio": 7.881293502938386,
      "profit_factor": 3.3174157303368346,
      "time_in_market_percent": -0.7206469538681524,
      "final_equity": 50412.49999999998,
      "total_return": 0.8249999999999647,
      "config_name": "RSI 25/75, 2.0\u03c3, 1%, 3 contracts",
      "params": {
        "name": "RSI 25/75, 2.0\u03c3, 1%, 3 contracts",
        "rsi_os": 25,
        "rsi_ob": 75,
        "vwap": 2.0,
        "risk": 0.01,
        "contracts": 3
      },
      "score": 872.9166666666574
    },
    {
      "total_trades": 3,
      "total_pnl": 412.4999999999818,
      "win_rate": 66.66666666666666,
      "average_win": 295.24999999999636,
      "average_loss": -178.0000000000109,
      "max_drawdown_dollars": 178.00000000001455,
      "max_drawdown_percent": 0.35308703198614355,
      "sharpe_ratio": 7.881293502938386,
      "profit_factor": 3.3174157303368346,
      "time_in_market_percent": -0.7206453719038217,
      "final_equity": 50412.49999999998,
      "total_return": 0.8249999999999647,
      "config_name": "RSI 25/75, 2.0\u03c3, 1%, 4 contracts",
      "params": {
        "name": "RSI 25/75, 2.0\u03c3, 1%, 4 contracts",
        "rsi_os": 25,
        "rsi_ob": 75,
        "vwap": 2.0,
        "risk": 0.01,
        "contracts": 4
      },
      "score": 872.9166666666574
    },
    {
      "total_trades": 3,
      "total_pnl": 412.4999999999818,
      "win_rate": 66.66666666666666,
      "average_win": 295.24999999999636,
      "average_loss": -178.0000000000109,
      "max_drawdown_dollars": 178.00000000001455,
      "max_drawdown_percent": 0.35308703198614355,
      "sharpe_ratio": 7.881293502938386,
      "profit_factor": 3.3174157303368346,
      "time_in_market_percent": -0.7206438013263028,
      "final_equity": 50412.49999999998,
      "total_return": 0.8249999999999647,
      "config_name": "RSI 25/75, 2.0\u03c3, 1.2%, 3 contracts",
      "params": {
        "name": "RSI 25/75, 2.0\u03c3, 1.2%, 3 contracts",
        "rsi_os": 25,
        "rsi_ob": 75,
        "vwap": 2.0,
        "risk": 0.012,
        "contracts": 3
      },
      "score": 872.9166666666574
    },
    {
      "total_trades": 3,
      "total_pnl": 412.4999999999818,
      "win_rate": 66.66666666666666,
      "average_win": 295.24999999999636,
      "average_loss": -178.0000000000109,
      "max_drawdown_dollars": 178.00000000001455,
      "max_drawdown_percent": 0.35308703198614355,
      "sharpe_ratio": 7.881293502938386,
      "profit_factor": 3.3174157303368346,
      "time_in_market_percent": -0.7206422143680341,
      "final_equity": 50412.49999999998,
      "total_return": 0.8249999999999647,
      "config_name": "RSI 25/75, 2.0\u03c3, 1.5%, 3 contracts",
      "params": {
        "name": "RSI 25/75, 2.0\u03c3, 1.5%, 3 contracts",
        "rsi_os": 25,
        "rsi_ob": 75,
        "vwap": 2.0,
        "risk": 0.015,
        "contracts": 3
      },
      "score": 872.9166666666574
    },
    {
      "total_trades": 3,
      "total_pnl": 412.4999999999818,
      "win_rate": 66.66666666666666,
      "average_win": 295.24999999999636,
      "average_loss": -178.0000000000109,
      "max_drawdown_dollars": 178.00000000001455,
      "max_drawdown_percent": 0.35308703198614355,
      "sharpe_ratio": 7.881293502938386,
      "profit_factor": 3.3174157303368346,
      "time_in_market_percent": -0.7206406402143555,
      "final_equity": 50412.49999999998,
      "total_return": 0.8249999999999647,
      "config_name": "RSI 25/75, 1.8\u03c3, 1%, 3 contracts",
      "params": {
        "name": "RSI 25/75, 1.8\u03c3, 1%, 3 contracts",
        "rsi_os": 25,
        "rsi_ob": 75,
        "vwap": 1.8,
        "risk": 0.01,
        "contracts": 3
      },
      "score": 872.9166666666574
    },
    {
      "total_trades": 3,
      "total_pnl": 412.4999999999818,
      "win_rate": 66.66666666666666,
      "average_win": 295.24999999999636,
      "average_loss": -178.0000000000109,
      "max_drawdown_dollars": 178.00000000001455,
      "max_drawdown_percent": 0.35308703198614355,
      "sharpe_ratio": 7.881293502938386,
      "profit_factor": 3.3174157303368346,
      "time_in_market_percent": -0.7206390704570502,
      "final_equity": 50412.49999999998,
      "total_return": 0.8249999999999647,
      "config_name": "RSI 25/75, 2.2\u03c3, 1%, 3 contracts",
      "params": {
        "name": "RSI 25/75, 2.2\u03c3, 1%, 3 contracts",
        "rsi_os": 25,
        "rsi_ob": 75,
        "vwap": 2.2,
        "risk": 0.01,
        "contracts": 3
      },
      "score": 872.9166666666574
    },
    {
      "total_trades": 3,
      "total_pnl": 412.4999999999818,
      "win_rate": 66.66666666666666,
      "average_win": 295.24999999999636,
      "average_loss": -178.0000000000109,
      "max_drawdown_dollars": 178.00000000001455,
      "max_drawdown_percent": 0.35308703198614355,
      "sharpe_ratio": 7.881293502938386,
      "profit_factor": 3.3174157303368346,
      "time_in_market_percent": -0.7206374945036135,
      "final_equity": 50412.49999999998,
      "total_return": 0.8249999999999647,
      "config_name": "RSI 26/74, 2.0\u03c3, 1%, 3 contracts",
      "params": {
        "name": "RSI 26/74, 2.0\u03c3, 1%, 3 contracts",
        "rsi_os": 26,